source_name,kind,agency,title,published_date,url,document_url,format,source_page
NYC Department of Investigation,report,,2025 Annual Anti-Corruption Report,2026-06-17,https://www.nyc.gov/assets/doi/reports/pdf/2026/13AnnualAntiCorrRpt.Release.06.17.2026.pdf,https://www.nyc.gov/assets/doi/reports/pdf/2026/13AnnualAntiCorrRpt.Release.06.17.2026.pdf,pdf,https://www.nyc.gov/site/doi/newsroom/public-reports-current.page
NYS Comptroller,report,,"Review of the Financial Plan of the City of New York, June 2026",,https://www.osc.ny.gov/files/reports/osdc/pdf/report-4-2027.pdf,https://www.osc.ny.gov/files/reports/osdc/pdf/report-4-2027.pdf,pdf,https://www.osc.ny.gov/reports
bronxda.nyc.gov,report,,Investigations Division,,https://www.bronxda.nyc.gov/html/bureaus/investigations-division.shtml,,html,
NYC City Council,report,,Asylum Seekers Report April 2026,,https://council.nyc.gov/budget/wp-content/uploads/sites/54/2026/05/Asylum-Seekers-Report-April-2026.pdf,https://council.nyc.gov/budget/wp-content/uploads/sites/54/2026/05/Asylum-Seekers-Report-April-2026.pdf,pdf,
nyc.gov,report,,Mayor's Office of Minority and Women-owned Business Enterprises,,https://www.nyc.gov/assets/mwbe?page=about,,html,
NYC Mayor's Office of Operations,report,,Operations Pmmr2026 Fdny,,https://www.nyc.gov/assets/operations/downloads/pdf/pmmr2026/fdny.pdf,https://www.nyc.gov/assets/operations/downloads/pdf/pmmr2026/fdny.pdf,pdf,
NYC Independent Budget Office,report,,Intro0994 2024 Testimony November 2024,,https://www.ibo.nyc.ny.us/iboreports/intro0994-2024-testimony-november-2024.pdf,https://www.ibo.nyc.ny.us/iboreports/intro0994-2024-testimony-november-2024.pdf,pdf,
NYC Housing Preservation & Development,report,,2023 Nychvs Selected Initial Findings,,https://www.nyc.gov/assets/hpd/downloads/pdfs/about/2023-nychvs-selected-initial-findings.pdf,https://www.nyc.gov/assets/hpd/downloads/pdfs/about/2023-nychvs-selected-initial-findings.pdf,pdf,
NYC Comptroller,report,,011625 Budget Briefing,,https://comptroller.nyc.gov/wp-content/uploads/2026/01/011625_Budget-Briefing.pdf,https://comptroller.nyc.gov/wp-content/uploads/2026/01/011625_Budget-Briefing.pdf,pdf,
