rank_window,heat_score,heat_rank_score,source,kind,agency,title,published_date,url,document_url,format,rationale,heat_score_today,coverage_mentions_today,exact_url_mentions_today,filename_mentions_today,canonical_mentions_today,social_exact_mentions_today,crawl_hits_today,providers_checked_today,errors_today,heat_score_7d,coverage_mentions_7d,exact_url_mentions_7d,filename_mentions_7d,canonical_mentions_7d,social_exact_mentions_7d,crawl_hits_7d,providers_checked_7d,errors_7d,heat_score_30d,coverage_mentions_30d,exact_url_mentions_30d,filename_mentions_30d,canonical_mentions_30d,social_exact_mentions_30d,crawl_hits_30d,providers_checked_30d,errors_30d
7d,30.0,30.0,NYC Rules - Proposed,rule,DCWP,Sightseeing Buses,2022-06-22,https://rules.cityofnewyork.us/rule/sightseeing-buses,,html,32 news articles referencing the report by title,0.0,0,0,0,0,0,0,gdelt,gdelt-coverage:Sightseeing Buses:429 Client Error: Too Many Requests for url: https://api.gdeltproject.org/api/v2/doc/doc?query=Sightseeing+Buses&mode=ArtList&format=json&maxrecords=75&timespan=30d&sort=DateDesc,30.0,32,0,0,0,0,0,gdelt,,30.0,32,0,0,0,0,0,gdelt,
7d,30.0,30.0,NYC Rules - Adopted,rule,DOB,Amendment to Rules relating to Flood Hazard Areas,2026-03-21,https://rules.cityofnewyork.us/rule/amendment-to-rules-relating-to-flood-hazard-areas,,html,31 news articles referencing the report by title,30.0,31,0,0,0,0,0,gdelt,,30.0,31,0,0,0,0,0,gdelt,,30.0,31,0,0,0,0,0,gdelt,
7d,21.0,21.0,NYC Rules - Adopted,rule,TLC,Personal Injury Insurance Coverage,2026-03-01,https://rules.cityofnewyork.us/rule/personal-injury-insurance-coverage,,html,21 news articles referencing the report by title,21.0,21,0,0,0,0,0,gdelt,,21.0,21,0,0,0,0,0,gdelt,,21.0,21,0,0,0,0,0,gdelt,
7d,15.0,15.0,NYC Rules - Adopted,rule,DOHMH,Amendment of Rules Relating to Vital Records,2026-06-26,https://rules.cityofnewyork.us/rule/amendment-of-rules-relating-to-vital-records,,html,15 news articles referencing the report by title,15.0,15,0,0,0,0,0,gdelt,,15.0,15,0,0,0,0,0,gdelt,,15.0,15,0,0,0,0,0,gdelt,
7d,11.0,11.0,NYC Rules - Proposed,rule,BOC,Mental Health and Health Care Standards in NYC Correctional Facilities,2026-02-10,https://rules.cityofnewyork.us/rule/mental-health-and-health-care-standards-in-nyc-correctional-facilities,,html,11 news articles referencing the report by title,0.0,0,0,0,0,0,0,gdelt,gdelt-coverage:Correctional Facilities Standards Mental Health:429 Client Error: Too Many Requests for url: https://api.gdeltproject.org/api/v2/doc/doc?query=Correctional+Facilities+Standards+Mental+Health&mode=ArtList&format=json&maxrecords=75&timespan=30d&sort=DateDesc,11.0,11,0,0,0,0,0,gdelt,,11.0,11,0,0,0,0,0,gdelt,
7d,11.0,11.0,NYC Rules - Proposed,rule,DCWP,Minimum Pay for Food Delivery Workers,2022-12-16,https://rules.cityofnewyork.us/rule/minimum-pay-for-food-delivery-workers,,html,11 news articles referencing the report by title,11.0,11,0,0,0,0,0,gdelt,,11.0,11,0,0,0,0,0,gdelt,,11.0,11,0,0,0,0,0,gdelt,
7d,10.0,10.0,NYC Rules - Adopted,rule,DOHMH,Child Care and Child Supervision Programs,2025-11-20,https://rules.cityofnewyork.us/rule/amendment-of-rules-relating-to-child-care-and-child-supervision-programs,,html,10 news articles referencing the report by title,10.0,10,0,0,0,0,0,gdelt,,10.0,10,0,0,0,0,0,gdelt,,10.0,10,0,0,0,0,0,gdelt,
7d,8.0,8.0,NYC Rules - Adopted,rule,DCWP,Car Wash Records,2026-04-04,https://rules.cityofnewyork.us/rule/car-wash-records,,html,8 news articles referencing the report by title,8.0,8,0,0,0,0,0,gdelt,,8.0,8,0,0,0,0,0,gdelt,,8.0,8,0,0,0,0,0,gdelt,
7d,6.0,6.0,NYC Rules - Proposed,rule,DCWP,Automated Employment Decision Tools,2022-10-24,https://rules.cityofnewyork.us/rule/automated-employment-decision-tools-2,,html,6 news articles referencing the report by title,6.0,6,0,0,0,0,0,gdelt,,6.0,6,0,0,0,0,0,gdelt,,6.0,6,0,0,0,0,0,gdelt,
7d,5.0,5.0,NYC Rules - Adopted,rule,TLC,Driver Minimum Pay Rule Amendment,2025-09-22,https://rules.cityofnewyork.us/rule/driver-minimum-pay-rule-amendment,,html,5 news articles referencing the report by title,5.0,5,0,0,0,0,0,gdelt,,5.0,5,0,0,0,0,0,gdelt,,5.0,5,0,0,0,0,0,gdelt,
7d,4.0,4.0,NYC Rules - Proposed,rule,DCWP,Cancellation of Subscriptions,2026-05-08,https://rules.cityofnewyork.us/rule/cancellation-of-subscriptions,,html,4 news articles referencing the report by title,4.0,4,0,0,0,0,0,gdelt,,4.0,4,0,0,0,0,0,gdelt,,4.0,4,0,0,0,0,0,gdelt,
7d,4.0,4.0,NYC Rules - Proposed,rule,COMPT,Wage Requirements for Construction Employees,2026-01-28,https://rules.cityofnewyork.us/rule/wage-requirements-for-construction-employees,,html,4 news articles referencing the report by title,0.0,0,0,0,0,0,0,gdelt,gdelt-coverage:Requirements Construction Employees Wage:429 Client Error: Too Many Requests for url: https://api.gdeltproject.org/api/v2/doc/doc?query=Requirements+Construction+Employees+Wage&mode=ArtList&format=json&maxrecords=75&timespan=30d&sort=DateDesc,4.0,4,0,0,0,0,0,gdelt,,4.0,4,0,0,0,0,0,gdelt,
7d,4.0,4.0,NYC Rules - Proposed,rule,COIB,Donations and Gifts to the City,2025-09-16,https://rules.cityofnewyork.us/rule/donations-and-gifts-to-the-city,,html,4 news articles referencing the report by title,4.0,4,0,0,0,0,0,gdelt,,4.0,4,0,0,0,0,0,gdelt,,4.0,4,0,0,0,0,0,gdelt,
7d,4.0,4.0,NYC Rules - Proposed,rule,CECM-SAPO,Rules for Open Street Events,2024-04-22,https://rules.cityofnewyork.us/rule/rules-for-open-street-events,,html,4 news articles referencing the report by title,4.0,4,0,0,0,0,0,gdelt,,4.0,4,0,0,0,0,0,gdelt,,4.0,4,0,0,0,0,0,gdelt,
7d,4.0,4.0,NYC Rules - Adopted,rule,DCWP,Contracted Delivery Workers,2026-01-26,https://rules.cityofnewyork.us/rule/rules-relating-to-contracted-delivery-workers,,html,4 news articles referencing the report by title,4.0,4,0,0,0,0,0,gdelt,,4.0,4,0,0,0,0,0,gdelt,,4.0,4,0,0,0,0,0,gdelt,
7d,4.0,4.0,NYC Rules - Adopted,rule,DCWP,Restaurant Surcharges,2026-04-19,https://rules.cityofnewyork.us/rule/restaurant-surcharges,,html,4 news articles referencing the report by title,4.0,4,0,0,0,0,0,gdelt,,4.0,4,0,0,0,0,0,gdelt,,4.0,4,0,0,0,0,0,gdelt,
7d,4.0,4.0,NYC Rules - Adopted,rule,COIB,Inflation Adjustment,2026-02-06,https://rules.cityofnewyork.us/rule/inflation-adjustment,,html,4 news articles referencing the report by title,4.0,4,0,0,0,0,0,gdelt,,4.0,4,0,0,0,0,0,gdelt,,4.0,4,0,0,0,0,0,gdelt,
7d,4.0,4.0,NYC Rules - Adopted,rule,DSNY,Commercial Waste Zones Customer Service and Operations Rules - NOTE: The rules become effective in each zone as the commercial waste zones get implemented. The effective date reflected below does not apply.,2026-06-01,https://rules.cityofnewyork.us/rule/commercial-waste-zones,,html,4 news articles referencing the report by title,4.0,4,0,0,0,0,0,gdelt,,4.0,4,0,0,0,0,0,gdelt,,4.0,4,0,0,0,0,0,gdelt,
7d,3.0,3.0,NYC Rules - Proposed,rule,DOHMH,Further Amendment of Rules Relating to Vital Records,2026-07-02,https://rules.cityofnewyork.us/rule/further-amendment-of-rules-relating-to-vital-records,,html,3 news articles referencing the report by title,3.0,3,0,0,0,0,0,gdelt,,3.0,3,0,0,0,0,0,gdelt,,3.0,3,0,0,0,0,0,gdelt,
7d,3.0,3.0,NYC Rules - Proposed,rule,DOF,PACE Financing Program,2026-06-22,https://rules.cityofnewyork.us/rule/amendment-of-rule-relating-to-pace-financing-program,,html,3 news articles referencing the report by title,3.0,3,0,0,0,0,0,gdelt,,3.0,3,0,0,0,0,0,gdelt,,3.0,3,0,0,0,0,0,gdelt,
7d,3.0,3.0,NYC Rules - Proposed,rule,DCWP,Implementation of Licensing Laws,2026-05-04,https://rules.cityofnewyork.us/rule/implementation-of-licensing-laws,,html,3 news articles referencing the report by title,3.0,3,0,0,0,0,0,gdelt,,3.0,3,0,0,0,0,0,gdelt,,3.0,3,0,0,0,0,0,gdelt,
7d,3.0,3.0,NYC Rules - Proposed,rule,DCWP,Debt Collectors,2024-12-12,https://rules.cityofnewyork.us/rule/amendment-of-rules-relating-to-debt-collectors,,html,3 news articles referencing the report by title,0.0,0,0,0,0,0,0,gdelt,gdelt-coverage:Collectors Debt:429 Client Error: Too Many Requests for url: https://api.gdeltproject.org/api/v2/doc/doc?query=Collectors+Debt&mode=ArtList&format=json&maxrecords=75&timespan=30d&sort=DateDesc,3.0,3,0,0,0,0,0,gdelt,,3.0,3,0,0,0,0,0,gdelt,
7d,3.0,3.0,NYC Rules - Proposed,rule,DCWP,Debt Collectors,2022-12-19,https://rules.cityofnewyork.us/rule/debt-collectors,,html,3 news articles referencing the report by title,3.0,3,0,0,0,0,0,gdelt,,3.0,3,0,0,0,0,0,gdelt,,3.0,3,0,0,0,0,0,gdelt,
7d,3.0,3.0,NYC Rules - Adopted,rule,HPD,Natural Gas Detectors,2027-01-01,https://rules.cityofnewyork.us/rule/hpd-proposed-rule-amendments-regarding-natural-gas-detectors,,html,3 news articles referencing the report by title,3.0,3,0,0,0,0,0,gdelt,,3.0,3,0,0,0,0,0,gdelt,,3.0,3,0,0,0,0,0,gdelt,
7d,3.0,3.0,NYC Rules - Adopted,rule,DOB,Safety Standards for Refrigeration,2026-05-15,https://rules.cityofnewyork.us/rule/proposed-rule-rules-relating-to-safety-standards-for-refrigeration,,html,3 news articles referencing the report by title,3.0,3,0,0,0,0,0,gdelt,,3.0,3,0,0,0,0,0,gdelt,,3.0,3,0,0,0,0,0,gdelt,
7d,3.0,3.0,NYC Rules - Adopted,rule,DSNY,Amendment of Rules Relating to Collection of Commercial Waste,2025-11-08,https://rules.cityofnewyork.us/rule/dsny-proposed-amendment-of-rules-relating-to-collection-of-commercial-waste,,html,3 news articles referencing the report by title,3.0,3,0,0,0,0,0,gdelt,,3.0,3,0,0,0,0,0,gdelt,,3.0,3,0,0,0,0,0,gdelt,
7d,3.0,3.0,NYC Rules - Adopted,rule,HRA,Eligibility for Fair Fares Program (increasing income eligibility to 150% of Federal Poverty Level),2025-10-30,https://rules.cityofnewyork.us/rule/eligibility-for-fair-fares-program-increasing-income-eligibility-to-150-fpl,,html,3 news articles referencing the report by title,3.0,3,0,0,0,0,0,gdelt,,3.0,3,0,0,0,0,0,gdelt,,3.0,3,0,0,0,0,0,gdelt,
7d,2.0,2.0,NYC Rules - Proposed,rule,DPR,Special Event Permits,2026-06-24,https://rules.cityofnewyork.us/rule/dpr-proposed-amendment-of-rules-relating-to-special-event-permits,,html,2 news articles referencing the report by title,0.0,0,0,0,0,0,0,gdelt,gdelt-coverage:Special Permits Event:429 Client Error: Too Many Requests for url: https://api.gdeltproject.org/api/v2/doc/doc?query=Special+Permits+Event&mode=ArtList&format=json&maxrecords=75&timespan=30d&sort=DateDesc,2.0,2,0,0,0,0,0,gdelt,,2.0,2,0,0,0,0,0,gdelt,
7d,2.0,2.0,NYC Rules - Proposed,rule,DOF,Utility Company Properties,2026-04-13,https://rules.cityofnewyork.us/rule/amendment-of-rules-relating-to-utility-company-properties,,html,2 news articles referencing the report by title,2.0,2,0,0,0,0,0,gdelt,,2.0,2,0,0,0,0,0,gdelt,,2.0,2,0,0,0,0,0,gdelt,
7d,2.0,2.0,NYC Rules - Proposed,rule,DOHMH,Outdoor Dining Areas,2025-07-18,https://rules.cityofnewyork.us/rule/amendment-of-rules-relating-to-outdoor-dining-areas,,html,2 news articles referencing the report by title,2.0,2,0,0,0,0,0,gdelt,,2.0,2,0,0,0,0,0,gdelt,,2.0,2,0,0,0,0,0,gdelt,
7d,2.0,2.0,NYC Rules - Adopted,rule,CFB,Amendments to Campaign Finance Board Rules,2026-03-01,https://rules.cityofnewyork.us/rule/amendments-to-campaign-finance-board-rules,,html,2 news articles referencing the report by title,0.0,0,0,0,0,0,0,gdelt,gdelt-coverage:Amendments Campaign Finance Board:429 Client Error: Too Many Requests for url: https://api.gdeltproject.org/api/v2/doc/doc?query=Amendments+Campaign+Finance+Board&mode=ArtList&format=json&maxrecords=75&timespan=30d&sort=DateDesc,2.0,2,0,0,0,0,0,gdelt,,2.0,2,0,0,0,0,0,gdelt,
7d,2.0,2.0,NYC Rules - Adopted,rule,DEP,Interim Flood Risk Area Map,2025-09-23,https://rules.cityofnewyork.us/rule/interim-flood-risk-area-map,,html,2 news articles referencing the report by title,2.0,2,0,0,0,0,0,gdelt,,2.0,2,0,0,0,0,0,gdelt,,2.0,2,0,0,0,0,0,gdelt,
7d,1.0,1.0,NYC Rules - Proposed,rule,DOHMH,Amendment of Rules Relating to Lead Dust,2026-07-01,https://rules.cityofnewyork.us/rule/amendment-of-rules-relating-to-lead-dust,,html,1 news article referencing the report by title,1.0,1,0,0,0,0,0,gdelt,,1.0,1,0,0,0,0,0,gdelt,,1.0,1,0,0,0,0,0,gdelt,
7d,1.0,1.0,NYC Rules - Proposed,rule,RGB,"Rent Guidelines for October 1, 2026 to September 30, 2027",2026-10-01,https://rules.cityofnewyork.us/rule/rent-guidelines-for-october-1-2026-to-september-30-2027,,html,1 news article referencing the report by title,1.0,1,0,0,0,0,0,gdelt,,1.0,1,0,0,0,0,0,gdelt,,1.0,1,0,0,0,0,0,gdelt,
7d,1.0,1.0,NYC Rules - Proposed,rule,DOF,Business Corporation Tax Implementation Rules,2025-11-20,https://rules.cityofnewyork.us/rule/business-corporation-tax-implementation-rules,,html,1 news article referencing the report by title,1.0,1,0,0,0,0,0,gdelt,,1.0,1,0,0,0,0,0,gdelt,,1.0,1,0,0,0,0,0,gdelt,
7d,1.0,1.0,NYC Rules - Proposed,rule,DOT,Commercial Cyclist Rules,2025-09-02,https://rules.cityofnewyork.us/rule/commercial-cyclist-rules,,html,1 news article referencing the report by title,1.0,1,0,0,0,0,0,gdelt,,1.0,1,0,0,0,0,0,gdelt,,1.0,1,0,0,0,0,0,gdelt,
7d,1.0,1.0,NYC Rules - Proposed,rule,HRA,Eligibility for Fair Fares Program - See Rescheduled Hearing Notice - New Hearing Date,2024-11-15,https://rules.cityofnewyork.us/rule/eiligibilty-for-fair-fares-program,,html,1 news article referencing the report by title,1.0,1,0,0,0,0,0,gdelt,,1.0,1,0,0,0,0,0,gdelt,,1.0,1,0,0,0,0,0,gdelt,
7d,1.0,1.0,NYC Rules - Adopted,rule,FDNY,Fees for Ambulance Treatment and Transport Services,2026-07-01,https://rules.cityofnewyork.us/rule/proposed-amendment-of-rules-relating-to-fees-for-ambulance-treatment-and-transport-services,,html,1 news article referencing the report by title,1.0,1,0,0,0,0,0,gdelt,,1.0,1,0,0,0,0,0,gdelt,,1.0,1,0,0,0,0,0,gdelt,
7d,1.0,1.0,NYC Rules - Adopted,rule,DPR,Emergency Rule - 2026 Summer Special Events Permits,2026-03-18,https://rules.cityofnewyork.us/rule/emergency-rule-2026-summer-special-events-permits,,html,1 news article referencing the report by title,1.0,1,0,0,0,0,0,gdelt,,1.0,1,0,0,0,0,0,gdelt,,1.0,1,0,0,0,0,0,gdelt,
7d,1.0,1.0,NYC Rules - Adopted,rule,BSA,Affordable Housing Fast Track Amendments,2026-06-17,https://rules.cityofnewyork.us/rule/bsa-ahft,,html,1 news article referencing the report by title,1.0,1,0,0,0,0,0,gdelt,,1.0,1,0,0,0,0,0,gdelt,,1.0,1,0,0,0,0,0,gdelt,
7d,1.0,1.0,NYC Rules - Adopted,rule,DOB,Amendment of Rules relating to Electrical Code,2025-12-21,https://rules.cityofnewyork.us/rule/proposed-rule-amendment-of-rules-relating-to-electrical-code,,html,1 news article referencing the report by title,1.0,1,0,0,0,0,0,gdelt,,1.0,1,0,0,0,0,0,gdelt,,1.0,1,0,0,0,0,0,gdelt,
7d,1.0,1.0,NYC Rules - Adopted,rule,DEP,Noise Monitoring Rules,2026-04-21,https://rules.cityofnewyork.us/rule/noise-monitoring-rules,,html,1 news article referencing the report by title,0.0,0,0,0,0,0,0,gdelt,gdelt-coverage:Monitoring Noise:429 Client Error: Too Many Requests for url: https://api.gdeltproject.org/api/v2/doc/doc?query=Monitoring+Noise&mode=ArtList&format=json&maxrecords=75&timespan=30d&sort=DateDesc,1.0,1,0,0,0,0,0,gdelt,,1.0,1,0,0,0,0,0,gdelt,
7d,1.0,1.0,NYC Rules - Adopted,rule,PPB,Design Build Services Procurements,2026-01-11,https://rules.cityofnewyork.us/rule/design-build-services-procurements,,html,1 news article referencing the report by title,1.0,1,0,0,0,0,0,gdelt,,1.0,1,0,0,0,0,0,gdelt,,1.0,1,0,0,0,0,0,gdelt,
7d,1.0,1.0,NYC Rules - Adopted,rule,DOB,Repeal of Rules Relating to the Electrical Code,2025-12-21,https://rules.cityofnewyork.us/rule/repeal-of-rules-relating-to-the-electrical-code,,html,1 news article referencing the report by title,0.0,0,0,0,0,0,0,gdelt,gdelt-coverage:Electrical Code:429 Client Error: Too Many Requests for url: https://api.gdeltproject.org/api/v2/doc/doc?query=Electrical+Code&mode=ArtList&format=json&maxrecords=75&timespan=30d&sort=DateDesc,1.0,1,0,0,0,0,0,gdelt,,1.0,1,0,0,0,0,0,gdelt,
7d,1.0,1.0,NYC Rules - Adopted,rule,TLC,Wheelchair Accessible Vehicle Conversion,2025-10-25,https://rules.cityofnewyork.us/rule/wheelchair-accessible-vehicle-conversion,,html,1 news article referencing the report by title,1.0,1,0,0,0,0,0,gdelt,,1.0,1,0,0,0,0,0,gdelt,,1.0,1,0,0,0,0,0,gdelt,
7d,1.0,1.0,NYC Rules - Adopted,rule,DOHMH,Disclosure of Individually Identifying Information,2025-09-20,https://rules.cityofnewyork.us/rule/amendment-of-rules-relating-to-disclosure-of-individually-identifying-information,,html,1 news article referencing the report by title,0.0,0,0,0,0,0,0,gdelt,gdelt-coverage:Individually Identifying Information Disclosure:429 Client Error: Too Many Requests for url: https://api.gdeltproject.org/api/v2/doc/doc?query=Individually+Identifying+Information+Disclosure&mode=ArtList&format=json&maxrecords=75&timespan=30d&sort=DateDesc,1.0,1,0,0,0,0,0,gdelt,,1.0,1,0,0,0,0,0,gdelt,
7d,0.0,0.0,NYC Rules - Proposed,rule,HPD,Applications Pursuant to RPTL §485-x - ANNY Program Benefits,2026-06-30,https://rules.cityofnewyork.us/rule/proposed-amendment-of-rules-relating-to-applications-pursuant-to-rptl-%c2%a7485-x,,html,no public news coverage or exact-link mentions found in checked sources,0.0,0,0,0,0,0,0,gdelt,,0.0,0,0,0,0,0,0,gdelt,,0.0,0,0,0,0,0,0,gdelt,
7d,0.0,0.0,NYC Rules - Proposed,rule,DSNY,Containerization Requirements for Buildings Containing 10 or More Dwelling Units,2026-06-17,https://rules.cityofnewyork.us/rule/relating-to-containerization-requirements-for-buildings-containing-10-or-more-dwelling-units,,html,no public news coverage or exact-link mentions found in checked sources,0.0,0,0,0,0,0,0,gdelt,gdelt-coverage:Containerization Requirements Containing Buildin:429 Client Error: Too Many Requests for url: https://api.gdeltproject.org/api/v2/doc/doc?query=Containerization+Requirements+Containing+Buildings+Dwelling&mode=ArtList&format=json&maxrecords=75&timespan=30d&sort=DateDesc,0.0,0,0,0,0,0,0,gdelt,gdelt-coverage:Containerization Requirements Containing Buildin:429 Client Error: Too Many Requests for url: https://api.gdeltproject.org/api/v2/doc/doc?query=Containerization+Requirements+Containing+Buildings+Dwelling&mode=ArtList&format=json&maxrecords=75&timespan=30d&sort=DateDesc,0.0,0,0,0,0,0,0,gdelt,gdelt-coverage:Containerization Requirements Containing Buildin:429 Client Error: Too Many Requests for url: https://api.gdeltproject.org/api/v2/doc/doc?query=Containerization+Requirements+Containing+Buildings+Dwelling&mode=ArtList&format=json&maxrecords=75&timespan=30d&sort=DateDesc
7d,0.0,0.0,NYC Rules - Proposed,rule,DCWP,Debt Collector Penalty Schedule,2026-06-01,https://rules.cityofnewyork.us/rule/debt-collector-penalty-schedule,,html,no public news coverage or exact-link mentions found in checked sources,0.0,0,0,0,0,0,0,gdelt,,0.0,0,0,0,0,0,0,gdelt,,0.0,0,0,0,0,0,0,gdelt,
7d,0.0,0.0,NYC Rules - Proposed,rule,COIB,Donations and Gifts to the City - extension of public comment period,2026-06-23,https://rules.cityofnewyork.us/rule/donations-and-gifts-to-the-city-extension-of-public-comment-period,,html,no public news coverage or exact-link mentions found in checked sources,0.0,0,0,0,0,0,0,gdelt,gdelt-coverage:Donations Gifts extension comment public:429 Client Error: Too Many Requests for url: https://api.gdeltproject.org/api/v2/doc/doc?query=Donations+Gifts+extension+comment+public&mode=ArtList&format=json&maxrecords=75&timespan=30d&sort=DateDesc,0.0,0,0,0,0,0,0,gdelt,,0.0,0,0,0,0,0,0,gdelt,
7d,0.0,0.0,NYC Rules - Proposed,rule,DOT,Citywide Truck Routes,2026-06-09,https://rules.cityofnewyork.us/rule/dot-proposed-amendment-of-rules-relating-to-citywide-truck-routes,,html,no public news coverage or exact-link mentions found in checked sources,0.0,0,0,0,0,0,0,gdelt,gdelt-coverage:Citywide Routes Truck:429 Client Error: Too Many Requests for url: https://api.gdeltproject.org/api/v2/doc/doc?query=Citywide+Routes+Truck&mode=ArtList&format=json&maxrecords=75&timespan=30d&sort=DateDesc,0.0,0,0,0,0,0,0,gdelt,gdelt-coverage:Citywide Routes Truck:429 Client Error: Too Many Requests for url: https://api.gdeltproject.org/api/v2/doc/doc?query=Citywide+Routes+Truck&mode=ArtList&format=json&maxrecords=75&timespan=30d&sort=DateDesc,1.0,1,0,0,0,0,0,gdelt,
7d,0.0,0.0,NYC Rules - Proposed,rule,DCWP,Self-Storage Facilities and Storage Warehouses,2026-05-18,https://rules.cityofnewyork.us/rule/self-storage-facilities-and-storage-warehouses,,html,no public news coverage or exact-link mentions found in checked sources,0.0,0,0,0,0,0,0,gdelt,gdelt-coverage:Self-Storage Facilities Warehouses Storage:Expecting value: line 1 column 1 (char 0),0.0,0,0,0,0,0,0,gdelt,gdelt-coverage:Self-Storage Facilities Warehouses Storage:Expecting value: line 1 column 1 (char 0),0.0,0,0,0,0,0,0,gdelt,gdelt-coverage:Self-Storage Facilities Warehouses Storage:Expecting value: line 1 column 1 (char 0)
7d,0.0,0.0,NYC Rules - Proposed,rule,DSNY,Implementation Dates for the Brooklyn North and Upper Manhattan Commercial Waste Zones,2026-05-08,https://rules.cityofnewyork.us/rule/implementation-dates-for-the-brooklyn-north-and-upper-manhattan-commercial-waste-zonesdsny-proposed-implementation-dates-for-the-brooklyn-north-and-upper-manhattan-commercial-waste-zones,,html,no public news coverage or exact-link mentions found in checked sources,0.0,0,0,0,0,0,0,gdelt,,0.0,0,0,0,0,0,0,gdelt,,0.0,0,0,0,0,0,0,gdelt,
7d,0.0,0.0,NYC Rules - Proposed,rule,DOB,Sidewalk Sheds,2026-04-27,https://rules.cityofnewyork.us/rule/amendment-of-rules-relating-to-sidewalk-sheds,,html,no public news coverage or exact-link mentions found in checked sources,0.0,0,0,0,0,0,0,gdelt,,0.0,0,0,0,0,0,0,gdelt,,0.0,0,0,0,0,0,0,gdelt,
7d,0.0,0.0,NYC Rules - Proposed,rule,DCWP,Adjudicatory Proceedings,2026-04-23,https://rules.cityofnewyork.us/rule/adjudicatory-proceedings,,html,no public news coverage or exact-link mentions found in checked sources,0.0,0,0,0,0,0,0,gdelt,gdelt-coverage:Adjudicatory Proceedings:429 Client Error: Too Many Requests for url: https://api.gdeltproject.org/api/v2/doc/doc?query=Adjudicatory+Proceedings&mode=ArtList&format=json&maxrecords=75&timespan=30d&sort=DateDesc,0.0,0,0,0,0,0,0,gdelt,,0.0,0,0,0,0,0,0,gdelt,
7d,0.0,0.0,NYC Rules - Proposed,rule,DOT,City-Owned Bicycle Racks,2026-04-24,https://rules.cityofnewyork.us/rule/proposed-rules-relating-to-city-owned-bicycle-racks,,html,no public news coverage or exact-link mentions found in checked sources,0.0,0,0,0,0,0,0,gdelt,gdelt-coverage:City-Owned Bicycle Racks:429 Client Error: Too Many Requests for url: https://api.gdeltproject.org/api/v2/doc/doc?query=City-Owned+Bicycle+Racks&mode=ArtList&format=json&maxrecords=75&timespan=30d&sort=DateDesc,0.0,0,0,0,0,0,0,gdelt,gdelt-coverage:City-Owned Bicycle Racks:Expecting value: line 1 column 1 (char 0),0.0,0,0,0,0,0,0,gdelt,gdelt-coverage:City-Owned Bicycle Racks:Expecting value: line 1 column 1 (char 0)
7d,0.0,0.0,NYC Rules - Proposed,rule,SBS,Petitions for Agency Rulemaking,2026-04-28,https://rules.cityofnewyork.us/rule/petitions-for-agency-rulemaking,,html,no public news coverage or exact-link mentions found in checked sources,0.0,0,0,0,0,0,0,gdelt,,0.0,0,0,0,0,0,0,gdelt,,0.0,0,0,0,0,0,0,gdelt,
7d,0.0,0.0,NYC Rules - Proposed,rule,DEP,Noise Monitoring Penalty Rule,2026-04-03,https://rules.cityofnewyork.us/rule/noise-monitoring-penalty-rule,,html,no public news coverage or exact-link mentions found in checked sources,0.0,0,0,0,0,0,0,gdelt,gdelt-coverage:Monitoring Penalty Noise:429 Client Error: Too Many Requests for url: https://api.gdeltproject.org/api/v2/doc/doc?query=Monitoring+Penalty+Noise&mode=ArtList&format=json&maxrecords=75&timespan=30d&sort=DateDesc,0.0,0,0,0,0,0,0,gdelt,gdelt-coverage:Monitoring Penalty Noise:429 Client Error: Too Many Requests for url: https://api.gdeltproject.org/api/v2/doc/doc?query=Monitoring+Penalty+Noise&mode=ArtList&format=json&maxrecords=75&timespan=30d&sort=DateDesc,0.0,0,0,0,0,0,0,gdelt,gdelt-coverage:Monitoring Penalty Noise:429 Client Error: Too Many Requests for url: https://api.gdeltproject.org/api/v2/doc/doc?query=Monitoring+Penalty+Noise&mode=ArtList&format=json&maxrecords=75&timespan=30d&sort=DateDesc
7d,0.0,0.0,NYC Rules - Proposed,rule,LOFT BOARD,Article 7B Compliance and Amendments to Fine Schedule,2026-03-19,https://rules.cityofnewyork.us/rule/article-7b-compliance-and-amendments-to-fine-schedule,,html,no public news coverage or exact-link mentions found in checked sources,0.0,0,0,0,0,0,0,gdelt,,0.0,0,0,0,0,0,0,gdelt,,0.0,0,0,0,0,0,0,gdelt,
7d,0.0,0.0,NYC Rules - Proposed,rule,DOB,Construction Superintendent License Qualifications,2026-03-23,https://rules.cityofnewyork.us/rule/amendment-to-rules-relating-to-construction-superintendent-license-qualificartions,,html,no public news coverage or exact-link mentions found in checked sources,0.0,0,0,0,0,0,0,gdelt,gdelt-coverage:Superintendent Qualifications Construction Licen:429 Client Error: Too Many Requests for url: https://api.gdeltproject.org/api/v2/doc/doc?query=Superintendent+Qualifications+Construction+License&mode=ArtList&format=json&maxrecords=75&timespan=30d&sort=DateDesc,0.0,0,0,0,0,0,0,gdelt,gdelt-coverage:Superintendent Qualifications Construction Licen:429 Client Error: Too Many Requests for url: https://api.gdeltproject.org/api/v2/doc/doc?query=Superintendent+Qualifications+Construction+License&mode=ArtList&format=json&maxrecords=75&timespan=30d&sort=DateDesc,0.0,0,0,0,0,0,0,gdelt,gdelt-coverage:Superintendent Qualifications Construction Licen:429 Client Error: Too Many Requests for url: https://api.gdeltproject.org/api/v2/doc/doc?query=Superintendent+Qualifications+Construction+License&mode=ArtList&format=json&maxrecords=75&timespan=30d&sort=DateDesc
7d,0.0,0.0,NYC Rules - Proposed,rule,LOFT BOARD,Protected Occupancy,2026-03-19,https://rules.cityofnewyork.us/rule/protected-occupancy,,html,no public news coverage or exact-link mentions found in checked sources,0.0,0,0,0,0,0,0,gdelt,gdelt-coverage:Protected Occupancy:429 Client Error: Too Many Requests for url: https://api.gdeltproject.org/api/v2/doc/doc?query=Protected+Occupancy&mode=ArtList&format=json&maxrecords=75&timespan=30d&sort=DateDesc,0.0,0,0,0,0,0,0,gdelt,,0.0,0,0,0,0,0,0,gdelt,
7d,0.0,0.0,NYC Rules - Proposed,rule,DCWP,Protected Time Off Under the Earned Safe and Sick Time Act,2026-03-02,https://rules.cityofnewyork.us/rule/protected-time-off-under-the-earned-safe-and-sick-time-act,,html,no public news coverage or exact-link mentions found in checked sources,0.0,0,0,0,0,0,0,gdelt,,0.0,0,0,0,0,0,0,gdelt,,0.0,0,0,0,0,0,0,gdelt,
7d,0.0,0.0,NYC Rules - Proposed,rule,DOT,Proposed Amendments to Highway Rules,2026-03-09,https://rules.cityofnewyork.us/rule/proposed-amendments-to-highway-rules,,html,no public news coverage or exact-link mentions found in checked sources,0.0,0,0,0,0,0,0,gdelt,gdelt-coverage:Amendments Highway:429 Client Error: Too Many Requests for url: https://api.gdeltproject.org/api/v2/doc/doc?query=Amendments+Highway&mode=ArtList&format=json&maxrecords=75&timespan=30d&sort=DateDesc,0.0,0,0,0,0,0,0,gdelt,gdelt-coverage:Amendments Highway:429 Client Error: Too Many Requests for url: https://api.gdeltproject.org/api/v2/doc/doc?query=Amendments+Highway&mode=ArtList&format=json&maxrecords=75&timespan=30d&sort=DateDesc,0.0,0,0,0,0,0,0,gdelt,gdelt-coverage:Amendments Highway:429 Client Error: Too Many Requests for url: https://api.gdeltproject.org/api/v2/doc/doc?query=Amendments+Highway&mode=ArtList&format=json&maxrecords=75&timespan=30d&sort=DateDesc
7d,0.0,0.0,NYC Rules - Proposed,rule,DPR,Update to Parks’ List of Qualifying Documents for Disability Membership Fees,2026-02-18,https://rules.cityofnewyork.us/rule/dpr-proposed-update-to-parks-list-of-qualifying-documents-for-disability-membership-fees,,html,no public news coverage or exact-link mentions found in checked sources,0.0,0,0,0,0,0,0,gdelt,gdelt-coverage:Qualifying Disability Membership Documents Parks:429 Client Error: Too Many Requests for url: https://api.gdeltproject.org/api/v2/doc/doc?query=Qualifying+Disability+Membership+Documents+Parks&mode=ArtList&format=json&maxrecords=75&timespan=30d&sort=DateDesc,0.0,0,0,0,0,0,0,gdelt,gdelt-coverage:Qualifying Disability Membership Documents Parks:429 Client Error: Too Many Requests for url: https://api.gdeltproject.org/api/v2/doc/doc?query=Qualifying+Disability+Membership+Documents+Parks&mode=ArtList&format=json&maxrecords=75&timespan=30d&sort=DateDesc,0.0,0,0,0,0,0,0,gdelt,
7d,0.0,0.0,NYC Rules - Proposed,rule,MOME,Proposed Rule Withdrawn - MOME Proposed Amended Rules re Press Credentials,2026-05-30,https://rules.cityofnewyork.us/rule/mome-proposed-amended-rules-re-press-credentials,,html,no public news coverage or exact-link mentions found in checked sources,0.0,0,0,0,0,0,0,gdelt,gdelt-coverage:Credentials Withdrawn Press MOME:429 Client Error: Too Many Requests for url: https://api.gdeltproject.org/api/v2/doc/doc?query=Credentials+Withdrawn+Press+MOME&mode=ArtList&format=json&maxrecords=75&timespan=30d&sort=DateDesc,0.0,0,0,0,0,0,0,gdelt,,0.0,0,0,0,0,0,0,gdelt,
7d,0.0,0.0,NYC Rules - Proposed,rule,TLC,Driver License and Education Amendments,2025-12-17,https://rules.cityofnewyork.us/rule/driver-license-and-education-amendments,,html,no public news coverage or exact-link mentions found in checked sources,0.0,0,0,0,0,0,0,gdelt,,0.0,0,0,0,0,0,0,gdelt,,0.0,0,0,0,0,0,0,gdelt,
7d,0.0,0.0,NYC Rules - Proposed,rule,DOB,Establishment of Temporary Residence Program for Eligible Basement or Cellar Residences,2025-12-11,https://rules.cityofnewyork.us/rule/establishment-of-temporary-residence-program-for-eligible-basement-or-cellar-residences,,html,no public news coverage or exact-link mentions found in checked sources,0.0,0,0,0,0,0,0,gdelt,gdelt-coverage:Establishment Residences Temporary Residence Eli:429 Client Error: Too Many Requests for url: https://api.gdeltproject.org/api/v2/doc/doc?query=Establishment+Residences+Temporary+Residence+Eligible&mode=ArtList&format=json&maxrecords=75&timespan=30d&sort=DateDesc,0.0,0,0,0,0,0,0,gdelt,,0.0,0,0,0,0,0,0,gdelt,
7d,0.0,0.0,NYC Rules - Proposed,rule,HPD,HPD Rules Relating to Right of Return for Basement or Cellar Residences,2025-12-12,https://rules.cityofnewyork.us/rule/hpd-rules-relating-to-right-of-return-for-basement-or-cellar-residences,,html,no public news coverage or exact-link mentions found in checked sources,0.0,0,0,0,0,0,0,gdelt,gdelt-coverage:Residences Basement Return Cellar Right:429 Client Error: Too Many Requests for url: https://api.gdeltproject.org/api/v2/doc/doc?query=Residences+Basement+Return+Cellar+Right&mode=ArtList&format=json&maxrecords=75&timespan=30d&sort=DateDesc,0.0,0,0,0,0,0,0,gdelt,,0.0,0,0,0,0,0,0,gdelt,
7d,0.0,0.0,NYC Rules - Proposed,rule,DHS,HRA CityFHEPS Unit Hold Incentive Payment Discontinuance Rule,2025-11-05,https://rules.cityofnewyork.us/rule/hra-cityfheps-unit-hold-incentive-payment-discontinuance-rule,,html,no public news coverage or exact-link mentions found in checked sources,0.0,0,0,0,0,0,0,gdelt,,0.0,0,0,0,0,0,0,gdelt,,0.0,0,0,0,0,0,0,gdelt,
7d,0.0,0.0,NYC Rules - Proposed,rule,HRA,IDNYC Acceptable Documents Description,2025-10-17,https://rules.cityofnewyork.us/rule/idnyc-acceptable-documents-description,,html,no public news coverage or exact-link mentions found in checked sources,0.0,0,0,0,0,0,0,gdelt,,0.0,0,0,0,0,0,0,gdelt,,0.0,0,0,0,0,0,0,gdelt,
7d,0.0,0.0,NYC Rules - Proposed,rule,FDNY,Uncertified Storage Batteries for Powered Mobility Devices,2025-10-01,https://rules.cityofnewyork.us/rule/uncertified-storage-batteries-for-powered-mobility-devices,,html,no public news coverage or exact-link mentions found in checked sources,0.0,0,0,0,0,0,0,gdelt,,0.0,0,0,0,0,0,0,gdelt,,0.0,0,0,0,0,0,0,gdelt,
7d,0.0,0.0,NYC Rules - Proposed,rule,PPB,Amendment of PPB Rules Relating to HHS Accelerator,2025-11-17,https://rules.cityofnewyork.us/rule/amendment-of-ppb-rules-relating-to-hhs-accelerator,,html,no public news coverage or exact-link mentions found in checked sources,0.0,0,0,0,0,0,0,gdelt,gdelt-coverage:Accelerator PPB HHS:429 Client Error: Too Many Requests for url: https://api.gdeltproject.org/api/v2/doc/doc?query=Accelerator+PPB+HHS&mode=ArtList&format=json&maxrecords=75&timespan=30d&sort=DateDesc,0.0,0,0,0,0,0,0,gdelt,,0.0,0,0,0,0,0,0,gdelt,
7d,0.0,0.0,NYC Rules - Proposed,rule,DCWP,Pedicab Registration Plate Application Pool,2024-12-30,https://rules.cityofnewyork.us/rule/amendment-of-rules-relating-to-pedicab-registration-plate-application-pool,,html,no public news coverage or exact-link mentions found in checked sources,0.0,0,0,0,0,0,0,gdelt,gdelt-coverage:Registration Application Pedicab Plate Pool:429 Client Error: Too Many Requests for url: https://api.gdeltproject.org/api/v2/doc/doc?query=Registration+Application+Pedicab+Plate+Pool&mode=ArtList&format=json&maxrecords=75&timespan=30d&sort=DateDesc,0.0,0,0,0,0,0,0,gdelt,gdelt-coverage:Registration Application Pedicab Plate Pool:429 Client Error: Too Many Requests for url: https://api.gdeltproject.org/api/v2/doc/doc?query=Registration+Application+Pedicab+Plate+Pool&mode=ArtList&format=json&maxrecords=75&timespan=30d&sort=DateDesc,0.0,0,0,0,0,0,0,gdelt,
7d,0.0,0.0,NYC Rules - Proposed,rule,DCWP,License Application and Renewal,2025-08-15,https://rules.cityofnewyork.us/rule/license-application-and-renewal,,html,no public news coverage or exact-link mentions found in checked sources,0.0,0,0,0,0,0,0,gdelt,gdelt-coverage:Application License Renewal:429 Client Error: Too Many Requests for url: https://api.gdeltproject.org/api/v2/doc/doc?query=Application+License+Renewal&mode=ArtList&format=json&maxrecords=75&timespan=30d&sort=DateDesc,0.0,0,0,0,0,0,0,gdelt,gdelt-coverage:Application License Renewal:429 Client Error: Too Many Requests for url: https://api.gdeltproject.org/api/v2/doc/doc?query=Application+License+Renewal&mode=ArtList&format=json&maxrecords=75&timespan=30d&sort=DateDesc,0.0,0,0,0,0,0,0,gdelt,gdelt-coverage:Application License Renewal:429 Client Error: Too Many Requests for url: https://api.gdeltproject.org/api/v2/doc/doc?query=Application+License+Renewal&mode=ArtList&format=json&maxrecords=75&timespan=30d&sort=DateDesc
7d,0.0,0.0,NYC Rules - Proposed,rule,DHS,Publication of Information Regarding New Homeless Shelters,2024-12-02,https://rules.cityofnewyork.us/rule/relating-to-publication-of-information-regarding-new-homeless-shelters,,html,no public news coverage or exact-link mentions found in checked sources,0.0,0,0,0,0,0,0,gdelt,gdelt-coverage:Publication Information Homeless Shelters:429 Client Error: Too Many Requests for url: https://api.gdeltproject.org/api/v2/doc/doc?query=Publication+Information+Homeless+Shelters&mode=ArtList&format=json&maxrecords=75&timespan=30d&sort=DateDesc,0.0,0,0,0,0,0,0,gdelt,,0.0,0,0,0,0,0,0,gdelt,
7d,0.0,0.0,NYC Rules - Proposed,rule,HRA,Renoticed Eligibility for Fair Fares Program,2024-11-15,https://rules.cityofnewyork.us/rule/renoticed-eligibility-for-fair-fares-program,,html,no public news coverage or exact-link mentions found in checked sources,0.0,0,0,0,0,0,0,gdelt,,0.0,0,0,0,0,0,0,gdelt,,0.0,0,0,0,0,0,0,gdelt,
7d,0.0,0.0,NYC Rules - Proposed,rule,CCHR,Amendment to Rules Governing Employment Discrimination Based on Criminal History,2024-09-05,https://rules.cityofnewyork.us/rule/final-proposed-amendment-to-rules-governing-employment-discrimination-based-on-criminal-history,,html,no public news coverage or exact-link mentions found in checked sources,0.0,0,0,0,0,0,0,gdelt,,0.0,0,0,0,0,0,0,gdelt,,0.0,0,0,0,0,0,0,gdelt,
7d,0.0,0.0,NYC Rules - Proposed,rule,DOT,Authorization of CECM to Establish Requirements and Issue Permits for Events and Activities Held on Open Streets.,2024-04-22,https://rules.cityofnewyork.us/rule/authorization-of-cecm-to-establish-requirements-and-issue-permits-for-events-and-activities-held-on-open-streets,,html,no public news coverage or exact-link mentions found in checked sources,0.0,0,0,0,0,0,0,gdelt,gdelt-coverage:Authorization Requirements Activities Establish :429 Client Error: Too Many Requests for url: https://api.gdeltproject.org/api/v2/doc/doc?query=Authorization+Requirements+Activities+Establish+Permits&mode=ArtList&format=json&maxrecords=75&timespan=30d&sort=DateDesc,0.0,0,0,0,0,0,0,gdelt,,0.0,0,0,0,0,0,0,gdelt,
7d,0.0,0.0,NYC Rules - Proposed,rule,TLC,Interior Advertising in For-Hire Vehicles,2024-08-14,https://rules.cityofnewyork.us/rule/interior-advertising-in-for-hire-vehicles,,html,no public news coverage or exact-link mentions found in checked sources,0.0,0,0,0,0,0,0,gdelt,gdelt-coverage:Advertising Interior For-Hire Vehicles:429 Client Error: Too Many Requests for url: https://api.gdeltproject.org/api/v2/doc/doc?query=Advertising+Interior+For-Hire+Vehicles&mode=ArtList&format=json&maxrecords=75&timespan=30d&sort=DateDesc,0.0,0,0,0,0,0,0,gdelt,gdelt-coverage:Advertising Interior For-Hire Vehicles:429 Client Error: Too Many Requests for url: https://api.gdeltproject.org/api/v2/doc/doc?query=Advertising+Interior+For-Hire+Vehicles&mode=ArtList&format=json&maxrecords=75&timespan=30d&sort=DateDesc,0.0,0,0,0,0,0,0,gdelt,gdelt-coverage:Advertising Interior For-Hire Vehicles:Expecting value: line 1 column 1 (char 0)
7d,0.0,0.0,NYC Rules - Proposed,rule,FDNY,Fire Safety at Production Locations; Production Location Fire Safety Manager Certificate of Fitness; and Production Location Fire Safety Manager Training Courses,2023-12-12,https://rules.cityofnewyork.us/rule/fire-safety-at-production-locations-production-location-fire-safety-manager-certificate-of-fitness-and-production-location-fire-safety-manager-training-courses,,html,no public news coverage or exact-link mentions found in checked sources,0.0,0,0,0,0,0,0,gdelt,,0.0,0,0,0,0,0,0,gdelt,,0.0,0,0,0,0,0,0,gdelt,
7d,0.0,0.0,NYC Rules - Proposed,rule,DOT,Blocking Pedestrian Ramps at Unmarked Crosswalks and Unaltered Commercial Vehicle Markings,2023-09-05,https://rules.cityofnewyork.us/rule/blocking-pedestrian-ramps-at-unmarked-crosswalks-and-unaltered-commercial-vehicle-markings,,html,no public news coverage or exact-link mentions found in checked sources,0.0,0,0,0,0,0,0,gdelt,gdelt-coverage:Pedestrian Crosswalks Commercial Unaltered Block:429 Client Error: Too Many Requests for url: https://api.gdeltproject.org/api/v2/doc/doc?query=Pedestrian+Crosswalks+Commercial+Unaltered+Blocking&mode=ArtList&format=json&maxrecords=75&timespan=30d&sort=DateDesc,0.0,0,0,0,0,0,0,gdelt,,0.0,0,0,0,0,0,0,gdelt,
7d,0.0,0.0,NYC Rules - Proposed,rule,NYPD,HEARING CANCELED (to be rescheduled) - Second-Hand Sales of Catalytic Converters,2023-06-16,https://rules.cityofnewyork.us/rule/second-hand-sales-of-catalytic-converters,,html,no public news coverage or exact-link mentions found in checked sources,0.0,0,0,0,0,0,0,gdelt,gdelt-coverage:Second-Hand Converters Catalytic CANCELED HEARIN:429 Client Error: Too Many Requests for url: https://api.gdeltproject.org/api/v2/doc/doc?query=Second-Hand+Converters+Catalytic+CANCELED+HEARING&mode=ArtList&format=json&maxrecords=75&timespan=30d&sort=DateDesc,0.0,0,0,0,0,0,0,gdelt,gdelt-coverage:Second-Hand Converters Catalytic CANCELED HEARIN:Expecting value: line 1 column 1 (char 0),0.0,0,0,0,0,0,0,gdelt,gdelt-coverage:Second-Hand Converters Catalytic CANCELED HEARIN:Expecting value: line 1 column 1 (char 0)
7d,0.0,0.0,NYC Rules - Proposed,rule,DCWP,Towing Industry,2022-10-31,https://rules.cityofnewyork.us/rule/towing-industry,,html,no public news coverage or exact-link mentions found in checked sources,0.0,0,0,0,0,0,0,gdelt,,0.0,0,0,0,0,0,0,gdelt,,0.0,0,0,0,0,0,0,gdelt,
7d,0.0,0.0,NYC Rules - Proposed,rule,HRA,Emergency Food Assistance Program,2022-08-12,https://rules.cityofnewyork.us/rule/emergency-food-assistance-program,,html,no public news coverage or exact-link mentions found in checked sources,0.0,0,0,0,0,0,0,gdelt,gdelt-coverage:Assistance Emergency Program Food:429 Client Error: Too Many Requests for url: https://api.gdeltproject.org/api/v2/doc/doc?query=Assistance+Emergency+Program+Food&mode=ArtList&format=json&maxrecords=75&timespan=30d&sort=DateDesc,0.0,0,0,0,0,0,0,gdelt,gdelt-coverage:Assistance Emergency Program Food:429 Client Error: Too Many Requests for url: https://api.gdeltproject.org/api/v2/doc/doc?query=Assistance+Emergency+Program+Food&mode=ArtList&format=json&maxrecords=75&timespan=30d&sort=DateDesc,14.0,14,0,0,0,0,0,gdelt,
7d,0.0,0.0,NYC Rules - Proposed,rule,DCWP,Price Scanner Requirements Related to Item Pricing Exception,2022-05-02,https://rules.cityofnewyork.us/rule/price-scanner-requirements-related-to-item-pricing-exception,,html,no public news coverage or exact-link mentions found in checked sources,0.0,0,0,0,0,0,0,gdelt,gdelt-coverage:Requirements Exception Scanner Related Pricing:429 Client Error: Too Many Requests for url: https://api.gdeltproject.org/api/v2/doc/doc?query=Requirements+Exception+Scanner+Related+Pricing&mode=ArtList&format=json&maxrecords=75&timespan=30d&sort=DateDesc,0.0,0,0,0,0,0,0,gdelt,,0.0,0,0,0,0,0,0,gdelt,
7d,0.0,0.0,NYC Rules - Adopted,rule,DM EJ,Centralized Construction Mentor Program,2026-06-19,https://rules.cityofnewyork.us/rule/centralized-construction-mentor-program,,html,no public news coverage or exact-link mentions found in checked sources,0.0,0,0,0,0,0,0,gdelt,,0.0,0,0,0,0,0,0,gdelt,,0.0,0,0,0,0,0,0,gdelt,
7d,0.0,0.0,NYC Rules - Adopted,rule,DCWP,Home Improvement Contractor Disclosures,2026-06-19,https://rules.cityofnewyork.us/rule/home-improvement-contractor-disclosures,,html,no public news coverage or exact-link mentions found in checked sources,0.0,0,0,0,0,0,0,gdelt,,0.0,0,0,0,0,0,0,gdelt,,0.0,0,0,0,0,0,0,gdelt,
7d,0.0,0.0,NYC Rules - Adopted,rule,DOB,Gas Piping Inspection Entities,2026-06-10,https://rules.cityofnewyork.us/rule/amendment-of-rules-regarding-gas-piping-inspection-entities,,html,no public news coverage or exact-link mentions found in checked sources,0.0,0,0,0,0,0,0,gdelt,,0.0,0,0,0,0,0,0,gdelt,,0.0,0,0,0,0,0,0,gdelt,
7d,0.0,0.0,NYC Rules - Adopted,rule,DOF,Speed Cameras and the Weigh-in-Motion Violation Monitoring System,2026-06-13,https://rules.cityofnewyork.us/rule/amendment-of-rules-relating-to-speed-cameras-and-the-weigh-in-motion-violation-monitoring-system,,html,no public news coverage or exact-link mentions found in checked sources,0.0,0,0,0,0,0,0,gdelt,gdelt-coverage:Weigh-in-Motion Monitoring Violation Cameras Sys:429 Client Error: Too Many Requests for url: https://api.gdeltproject.org/api/v2/doc/doc?query=Weigh-in-Motion+Monitoring+Violation+Cameras+System&mode=ArtList&format=json&maxrecords=75&timespan=30d&sort=DateDesc,0.0,0,0,0,0,0,0,gdelt,gdelt-coverage:Weigh-in-Motion Monitoring Violation Cameras Sys:Expecting value: line 1 column 1 (char 0),0.0,0,0,0,0,0,0,gdelt,gdelt-coverage:Weigh-in-Motion Monitoring Violation Cameras Sys:Expecting value: line 1 column 1 (char 0)
7d,0.0,0.0,NYC Rules - Adopted,rule,DOB,"Elevators, Escalators, Personnel Hoists and Moving Walks",2026-06-11,https://rules.cityofnewyork.us/rule/proposed-rule-amendment-of-rules-relating-to-elevators-escalators-personnel-hoists-and-moving-walks,,html,no public news coverage or exact-link mentions found in checked sources,0.0,0,0,0,0,0,0,gdelt,,0.0,0,0,0,0,0,0,gdelt,,0.0,0,0,0,0,0,0,gdelt,
7d,0.0,0.0,NYC Rules - Adopted,rule,DOF,Enforcement of Parking Requirements by New York Downstate Health Sciences University Police Officers,2026-06-07,https://rules.cityofnewyork.us/rule/amendment-of-rules-relating-to-enforcement-of-parking-requirements,,html,no public news coverage or exact-link mentions found in checked sources,0.0,0,0,0,0,0,0,gdelt,,0.0,0,0,0,0,0,0,gdelt,,0.0,0,0,0,0,0,0,gdelt,
7d,0.0,0.0,NYC Rules - Adopted,rule,DCP,City Planning Commission Rules: Affordable Housing Fast Track Methodology,2026-05-20,https://rules.cityofnewyork.us/rule/proposed-city-planning-commission-rules-affordable-housing-fast-track-methodology,,html,no public news coverage or exact-link mentions found in checked sources,0.0,0,0,0,0,0,0,gdelt,,0.0,0,0,0,0,0,0,gdelt,,0.0,0,0,0,0,0,0,gdelt,
7d,0.0,0.0,NYC Rules - Adopted,rule,DHS,Emergency Rule Repealing The Low Barrier Bed Placement Process Rule,2026-05-30,https://rules.cityofnewyork.us/rule/emergency-rule-repealing-the-low-barrier-bed-placement-process-rule,,html,no public news coverage or exact-link mentions found in checked sources,0.0,0,0,0,0,0,0,gdelt,,0.0,0,0,0,0,0,0,gdelt,,0.0,0,0,0,0,0,0,gdelt,
7d,0.0,0.0,NYC Rules - Adopted,rule,DSNY,Implementation of the Eighth and Ninth Commercial Waste Zones and Infrequent Waste Generators (Amended),2026-05-03,https://rules.cityofnewyork.us/rule/implementation-of-the-eighth-and-ninth-commercial-waste-zones-and-infrequent-waste-generators-amended,,html,no public news coverage or exact-link mentions found in checked sources,0.0,0,0,0,0,0,0,gdelt,,0.0,0,0,0,0,0,0,gdelt,,0.0,0,0,0,0,0,0,gdelt,
7d,0.0,0.0,NYC Rules - Adopted,rule,DOHMH,Reporting Requirements for Cooling Towers,2026-05-08,https://rules.cityofnewyork.us/rule/amendment-of-rules-relating-to-reporting-requirements-for-cooling-towers,,html,no public news coverage or exact-link mentions found in checked sources,0.0,0,0,0,0,0,0,gdelt,gdelt-coverage:Requirements Reporting Cooling Towers:429 Client Error: Too Many Requests for url: https://api.gdeltproject.org/api/v2/doc/doc?query=Requirements+Reporting+Cooling+Towers&mode=ArtList&format=json&maxrecords=75&timespan=30d&sort=DateDesc,0.0,0,0,0,0,0,0,gdelt,gdelt-coverage:Requirements Reporting Cooling Towers:429 Client Error: Too Many Requests for url: https://api.gdeltproject.org/api/v2/doc/doc?query=Requirements+Reporting+Cooling+Towers&mode=ArtList&format=json&maxrecords=75&timespan=30d&sort=DateDesc,0.0,0,0,0,0,0,0,gdelt,
7d,0.0,0.0,NYC Rules - Adopted,rule,DCWP,Expiration Dates of Electronic Licenses,2026-05-02,https://rules.cityofnewyork.us/rule/expiration-dates-of-electronic-licenses,,html,no public news coverage or exact-link mentions found in checked sources,0.0,0,0,0,0,0,0,gdelt,gdelt-coverage:Expiration Electronic Licenses Dates:429 Client Error: Too Many Requests for url: https://api.gdeltproject.org/api/v2/doc/doc?query=Expiration+Electronic+Licenses+Dates&mode=ArtList&format=json&maxrecords=75&timespan=30d&sort=DateDesc,0.0,0,0,0,0,0,0,gdelt,gdelt-coverage:Expiration Electronic Licenses Dates:429 Client Error: Too Many Requests for url: https://api.gdeltproject.org/api/v2/doc/doc?query=Expiration+Electronic+Licenses+Dates&mode=ArtList&format=json&maxrecords=75&timespan=30d&sort=DateDesc,0.0,0,0,0,0,0,0,gdelt,
7d,0.0,0.0,NYC Rules - Adopted,rule,DOF,Childcare Center Tax Abatement,2026-04-11,https://rules.cityofnewyork.us/rule/rules-relating-to-the-childcare-center-tax-abatement,,html,no public news coverage or exact-link mentions found in checked sources,0.0,0,0,0,0,0,0,gdelt,,0.0,0,0,0,0,0,0,gdelt,,0.0,0,0,0,0,0,0,gdelt,
7d,0.0,0.0,NYC Rules - Adopted,rule,DOF,Stipulated Fine Program and Commercial Abatement Fine Program Rules,2026-04-19,https://rules.cityofnewyork.us/rule/amendment-of-stipulated-fine-program-and-commercial-abatement-fine-program-rules,,html,no public news coverage or exact-link mentions found in checked sources,0.0,0,0,0,0,0,0,gdelt,,0.0,0,0,0,0,0,0,gdelt,,0.0,0,0,0,0,0,0,gdelt,
7d,0.0,0.0,NYC Rules - Adopted,rule,TLC,Amendment of Insurance Requirements,2026-01-01,https://rules.cityofnewyork.us/rule/amendment-of-insurance-requirements,,html,no public news coverage or exact-link mentions found in checked sources,0.0,0,0,0,0,0,0,gdelt,gdelt-coverage:Requirements Insurance:429 Client Error: Too Many Requests for url: https://api.gdeltproject.org/api/v2/doc/doc?query=Requirements+Insurance&mode=ArtList&format=json&maxrecords=75&timespan=30d&sort=DateDesc,0.0,0,0,0,0,0,0,gdelt,gdelt-coverage:Requirements Insurance:429 Client Error: Too Many Requests for url: https://api.gdeltproject.org/api/v2/doc/doc?query=Requirements+Insurance&mode=ArtList&format=json&maxrecords=75&timespan=30d&sort=DateDesc,0.0,0,0,0,0,0,0,gdelt,gdelt-coverage:Requirements Insurance:429 Client Error: Too Many Requests for url: https://api.gdeltproject.org/api/v2/doc/doc?query=Requirements+Insurance&mode=ArtList&format=json&maxrecords=75&timespan=30d&sort=DateDesc
7d,0.0,0.0,NYC Rules - Adopted,rule,DSNY,Notice and Hearing Requirements for Abandoned Vehicles,2026-03-16,https://rules.cityofnewyork.us/rule/notice-and-hearing-requirements-for-abandoned-vehicles,,html,no public news coverage or exact-link mentions found in checked sources,0.0,0,0,0,0,0,0,gdelt,,0.0,0,0,0,0,0,0,gdelt,,0.0,0,0,0,0,0,0,gdelt,
7d,0.0,0.0,NYC Rules - Adopted,rule,DOF,Mergers and Apportionments of Real Property Tax Lots,2026-04-08,https://rules.cityofnewyork.us/rule/rules-relating-to-mergers-and-apportionments-of-real-property-tax-lots,,html,no public news coverage or exact-link mentions found in checked sources,0.0,0,0,0,0,0,0,gdelt,gdelt-coverage:Apportionments Property Mergers Real Lots:429 Client Error: Too Many Requests for url: https://api.gdeltproject.org/api/v2/doc/doc?query=Apportionments+Property+Mergers+Real+Lots&mode=ArtList&format=json&maxrecords=75&timespan=30d&sort=DateDesc,0.0,0,0,0,0,0,0,gdelt,gdelt-coverage:Apportionments Property Mergers Real Lots:429 Client Error: Too Many Requests for url: https://api.gdeltproject.org/api/v2/doc/doc?query=Apportionments+Property+Mergers+Real+Lots&mode=ArtList&format=json&maxrecords=75&timespan=30d&sort=DateDesc,0.0,0,0,0,0,0,0,gdelt,
7d,0.0,0.0,NYC Rules - Adopted,rule,DSNY,Set-out Times for Collection,2026-03-22,https://rules.cityofnewyork.us/rule/relating-to-set-out-times-for-collection,,html,no public news coverage or exact-link mentions found in checked sources,0.0,0,0,0,0,0,0,gdelt,gdelt-coverage:Collection Set-out Times:429 Client Error: Too Many Requests for url: https://api.gdeltproject.org/api/v2/doc/doc?query=Collection+Set-out+Times&mode=ArtList&format=json&maxrecords=75&timespan=30d&sort=DateDesc,0.0,0,0,0,0,0,0,gdelt,gdelt-coverage:Collection Set-out Times:Expecting value: line 1 column 1 (char 0),0.0,0,0,0,0,0,0,gdelt,gdelt-coverage:Collection Set-out Times:Expecting value: line 1 column 1 (char 0)
7d,0.0,0.0,NYC Rules - Adopted,rule,DOHMH,"Rules Prohibiting Sale of Dogs, Cats and Rabbits by Pet Shops",2026-03-19,https://rules.cityofnewyork.us/rule/rules-prohibiting-sale-of-dogs-cats-and-rabbits-by-pet-shops,,html,no public news coverage or exact-link mentions found in checked sources,0.0,0,0,0,0,0,0,gdelt,,0.0,0,0,0,0,0,0,gdelt,,0.0,0,0,0,0,0,0,gdelt,
7d,0.0,0.0,NYC Rules - Adopted,rule,DOB,Amendment of Rules relating to Parking Structure Compliance Reports and Façade Inspection Reports,2026-02-01,https://rules.cityofnewyork.us/rule/amendment-of-rules-relating-to-parking-structure-compliance-reports-and-facade-inspection-reports,,html,no public news coverage or exact-link mentions found in checked sources,0.0,0,0,0,0,0,0,gdelt,,0.0,0,0,0,0,0,0,gdelt,,0.0,0,0,0,0,0,0,gdelt,
7d,0.0,0.0,NYC Rules - Adopted,rule,DOT,Updates to Adopt-A-Highway Program Rules,2026-01-28,https://rules.cityofnewyork.us/rule/updates-to-adopt-a-highway-program-rules,,html,no public news coverage or exact-link mentions found in checked sources,0.0,0,0,0,0,0,0,gdelt,gdelt-coverage:Adopt-A-Highway Updates Program:Expecting value: line 1 column 1 (char 0),0.0,0,0,0,0,0,0,gdelt,gdelt-coverage:Adopt-A-Highway Updates Program:Expecting value: line 1 column 1 (char 0),0.0,0,0,0,0,0,0,gdelt,gdelt-coverage:Adopt-A-Highway Updates Program:Expecting value: line 1 column 1 (char 0)
7d,0.0,0.0,NYC Rules - Adopted,rule,CECM-SAPO,Extension of Street Fair Moratorium for Calendar Year 2026,2026-01-01,https://rules.cityofnewyork.us/rule/extension-of-street-fair-moratorium-for-calendar-year-2026,,html,no public news coverage or exact-link mentions found in checked sources,0.0,0,0,0,0,0,0,gdelt,,0.0,0,0,0,0,0,0,gdelt,,0.0,0,0,0,0,0,0,gdelt,
7d,0.0,0.0,NYC Rules - Adopted,rule,DHS,DHS Rule Relating to Low Barrier Transition Housing Eligibility Criteria,2026-02-12,https://rules.cityofnewyork.us/rule/dhs-rule-relating-to-low-barrier-transition-housing-eligibility-criteria,,html,no public news coverage or exact-link mentions found in checked sources,0.0,0,0,0,0,0,0,gdelt,,0.0,0,0,0,0,0,0,gdelt,,0.0,0,0,0,0,0,0,gdelt,
7d,0.0,0.0,NYC Rules - Adopted,rule,DSNY,DSNY Proposed Implementation Dates for Sixth and Seventh Commercial Waste Zones,2025-12-25,https://rules.cityofnewyork.us/rule/dsny-proposed-implementation-dates-for-sixth-and-seventh-commercial-waste-zones,,html,no public news coverage or exact-link mentions found in checked sources,0.0,0,0,0,0,0,0,gdelt,,0.0,0,0,0,0,0,0,gdelt,,0.0,0,0,0,0,0,0,gdelt,
7d,0.0,0.0,NYC Rules - Adopted,rule,DOB,Gas Piping Inspections,2026-01-03,https://rules.cityofnewyork.us/rule/amendment-of-rules-relating-to-gas-piping-inspections,,html,no public news coverage or exact-link mentions found in checked sources,0.0,0,0,0,0,0,0,gdelt,gdelt-coverage:Inspections Piping Gas:429 Client Error: Too Many Requests for url: https://api.gdeltproject.org/api/v2/doc/doc?query=Inspections+Piping+Gas&mode=ArtList&format=json&maxrecords=75&timespan=30d&sort=DateDesc,0.0,0,0,0,0,0,0,gdelt,gdelt-coverage:Inspections Piping Gas:429 Client Error: Too Many Requests for url: https://api.gdeltproject.org/api/v2/doc/doc?query=Inspections+Piping+Gas&mode=ArtList&format=json&maxrecords=75&timespan=30d&sort=DateDesc,1.0,1,0,0,0,0,0,gdelt,
7d,0.0,0.0,NYC Rules - Adopted,rule,DOF,RACE for Space Program and Industrial and Commercial Abatement Program,2025-12-20,https://rules.cityofnewyork.us/rule/proposed-rules-for-race-for-space-program-and-industrial-and-commercial-abatement-program,,html,no public news coverage or exact-link mentions found in checked sources,0.0,0,0,0,0,0,0,gdelt,gdelt-coverage:Industrial Commercial Abatement Program Space:429 Client Error: Too Many Requests for url: https://api.gdeltproject.org/api/v2/doc/doc?query=Industrial+Commercial+Abatement+Program+Space&mode=ArtList&format=json&maxrecords=75&timespan=30d&sort=DateDesc,0.0,0,0,0,0,0,0,gdelt,"gdelt-coverage:Industrial Commercial Abatement Program Space:HTTPSConnectionPool(host='api.gdeltproject.org', port=443): Read timed out. (read timeout=15)",0.0,0,0,0,0,0,0,gdelt,gdelt-coverage:Industrial Commercial Abatement Program Space:429 Client Error: Too Many Requests for url: https://api.gdeltproject.org/api/v2/doc/doc?query=Industrial+Commercial+Abatement+Program+Space&mode=ArtList&format=json&maxrecords=75&timespan=30d&sort=DateDesc
7d,0.0,0.0,NYC Rules - Adopted,rule,OATH-ECB,OATH Proposed Amendment of Rule Relating to Violations Eligible for Community Service,2025-11-28,https://rules.cityofnewyork.us/rule/oath-proposed-amendment-of-rule-relating-to-violations-eligible-for-community-service,,html,no public news coverage or exact-link mentions found in checked sources,0.0,0,0,0,0,0,0,gdelt,,0.0,0,0,0,0,0,0,gdelt,,0.0,0,0,0,0,0,0,gdelt,
7d,0.0,0.0,NYC Rules - Adopted,rule,DCWP,Immigration Assistance Service Provider Penalty Schedule Updates,2025-11-21,https://rules.cityofnewyork.us/rule/immigration-assistance-service-provider-penalty-schedule-updates,,html,no public news coverage or exact-link mentions found in checked sources,0.0,0,0,0,0,0,0,gdelt,gdelt-coverage:Immigration Assistance Provider Schedule Service:429 Client Error: Too Many Requests for url: https://api.gdeltproject.org/api/v2/doc/doc?query=Immigration+Assistance+Provider+Schedule+Service&mode=ArtList&format=json&maxrecords=75&timespan=30d&sort=DateDesc,0.0,0,0,0,0,0,0,gdelt,,0.0,0,0,0,0,0,0,gdelt,
7d,0.0,0.0,NYC Rules - Adopted,rule,DCWP,Hotel Junk Fees,2026-02-21,https://rules.cityofnewyork.us/rule/hotel-junk-fees,,html,no public news coverage or exact-link mentions found in checked sources,0.0,0,0,0,0,0,0,gdelt,gdelt-coverage:Hotel Junk Fees:429 Client Error: Too Many Requests for url: https://api.gdeltproject.org/api/v2/doc/doc?query=Hotel+Junk+Fees&mode=ArtList&format=json&maxrecords=75&timespan=30d&sort=DateDesc,0.0,0,0,0,0,0,0,gdelt,gdelt-coverage:Hotel Junk Fees:429 Client Error: Too Many Requests for url: https://api.gdeltproject.org/api/v2/doc/doc?query=Hotel+Junk+Fees&mode=ArtList&format=json&maxrecords=75&timespan=30d&sort=DateDesc,1.0,1,0,0,0,0,0,gdelt,
7d,0.0,0.0,NYC Rules - Adopted,rule,DOHMH,Emergency Rule - Child Care Programs and Family Shelter-Based Drop-off Child Supervision Programs,2025-08-13,https://rules.cityofnewyork.us/rule/emergency-rule-child-care-programs-and-family-shelter-based-drop-off-child-supervision-programs,,html,no public news coverage or exact-link mentions found in checked sources,0.0,0,0,0,0,0,0,gdelt,gdelt-coverage:Shelter-Based Supervision Emergency Programs Dro:429 Client Error: Too Many Requests for url: https://api.gdeltproject.org/api/v2/doc/doc?query=Shelter-Based+Supervision+Emergency+Programs+Drop-off&mode=ArtList&format=json&maxrecords=75&timespan=30d&sort=DateDesc,0.0,0,0,0,0,0,0,gdelt,gdelt-coverage:Shelter-Based Supervision Emergency Programs Dro:Expecting value: line 1 column 1 (char 0),0.0,0,0,0,0,0,0,gdelt,gdelt-coverage:Shelter-Based Supervision Emergency Programs Dro:Expecting value: line 1 column 1 (char 0)
7d,0.0,0.0,NYC Rules - Adopted,rule,FCRC,FCRC Concession Rules - Hearing Date Updated,2025-11-28,https://rules.cityofnewyork.us/rule/fcrc-concession-rules,,html,no public news coverage or exact-link mentions found in checked sources,0.0,0,0,0,0,0,0,gdelt,gdelt-coverage:Concession Hearing Updated FCRC Date:429 Client Error: Too Many Requests for url: https://api.gdeltproject.org/api/v2/doc/doc?query=Concession+Hearing+Updated+FCRC+Date&mode=ArtList&format=json&maxrecords=75&timespan=30d&sort=DateDesc,0.0,0,0,0,0,0,0,gdelt,gdelt-coverage:Concession Hearing Updated FCRC Date:429 Client Error: Too Many Requests for url: https://api.gdeltproject.org/api/v2/doc/doc?query=Concession+Hearing+Updated+FCRC+Date&mode=ArtList&format=json&maxrecords=75&timespan=30d&sort=DateDesc,0.0,0,0,0,0,0,0,gdelt,gdelt-coverage:Concession Hearing Updated FCRC Date:429 Client Error: Too Many Requests for url: https://api.gdeltproject.org/api/v2/doc/doc?query=Concession+Hearing+Updated+FCRC+Date&mode=ArtList&format=json&maxrecords=75&timespan=30d&sort=DateDesc
7d,0.0,0.0,NYC Rules - Adopted,rule,TLC,Cyclist Awareness Decal,2025-10-25,https://rules.cityofnewyork.us/rule/cyclist-awareness-decal,,html,no public news coverage or exact-link mentions found in checked sources,0.0,0,0,0,0,0,0,gdelt,,0.0,0,0,0,0,0,0,gdelt,,0.0,0,0,0,0,0,0,gdelt,
7d,0.0,0.0,NYC Rules - Adopted,rule,HPD,Paint Chip Sample Challenge of XRF Test Results - New Effective Date,2026-02-02,https://rules.cityofnewyork.us/rule/paint-chip-sample-challenge-of-xrf-test-results,,html,no public news coverage or exact-link mentions found in checked sources,0.0,0,0,0,0,0,0,gdelt,gdelt-coverage:Challenge Effective Results Sample Paint:429 Client Error: Too Many Requests for url: https://api.gdeltproject.org/api/v2/doc/doc?query=Challenge+Effective+Results+Sample+Paint&mode=ArtList&format=json&maxrecords=75&timespan=30d&sort=DateDesc,0.0,0,0,0,0,0,0,gdelt,,0.0,0,0,0,0,0,0,gdelt,
7d,0.0,0.0,NYC Rules - Adopted,rule,DOF,Rules Implementing Industrial and Commercial Abatement Program (ICAP),2025-11-05,https://rules.cityofnewyork.us/rule/proposed-rules-implementing-industrial-and-commercial-abatement-program-icap,,html,no public news coverage or exact-link mentions found in checked sources,0.0,0,0,0,0,0,0,gdelt,,0.0,0,0,0,0,0,0,gdelt,,0.0,0,0,0,0,0,0,gdelt,
7d,0.0,0.0,NYC Rules - Adopted,rule,DOB,Ancillary Dwelling Units in 1 and 2 Family Dwellings,2025-09-30,https://rules.cityofnewyork.us/rule/proposed-rule-rules-relating-to-ancillary-dwelling-units-in-1-and-2-family-dwellings,,html,no public news coverage or exact-link mentions found in checked sources,0.0,0,0,0,0,0,0,gdelt,,0.0,0,0,0,0,0,0,gdelt,,0.0,0,0,0,0,0,0,gdelt,
7d,0.0,0.0,NYC Rules - Adopted,rule,DOHMH,Examination of Indoor Air in Basements and Cellar Apartments for Radon and Certain Organic Chemical Vapors,2025-10-09,https://rules.cityofnewyork.us/rule/examination-of-indoor-air-in-basements-and-cellar-apartments-for-radon-and-certain-organic-chemical-vapors,,html,no public news coverage or exact-link mentions found in checked sources,0.0,0,0,0,0,0,0,gdelt,gdelt-coverage:Examination Apartments Basements Chemical Certai:429 Client Error: Too Many Requests for url: https://api.gdeltproject.org/api/v2/doc/doc?query=Examination+Apartments+Basements+Chemical+Certain&mode=ArtList&format=json&maxrecords=75&timespan=30d&sort=DateDesc,0.0,0,0,0,0,0,0,gdelt,,0.0,0,0,0,0,0,0,gdelt,
7d,0.0,0.0,NYC Rules - Adopted,rule,COIB,Contract Filers,2025-10-09,https://rules.cityofnewyork.us/rule/contract-filers,,html,no public news coverage or exact-link mentions found in checked sources,0.0,0,0,0,0,0,0,gdelt,gdelt-coverage:Contract Filers:429 Client Error: Too Many Requests for url: https://api.gdeltproject.org/api/v2/doc/doc?query=Contract+Filers&mode=ArtList&format=json&maxrecords=75&timespan=30d&sort=DateDesc,0.0,0,0,0,0,0,0,gdelt,,0.0,0,0,0,0,0,0,gdelt,
7d,0.0,0.0,NYC Rules - Adopted,rule,DCWP,Further Amendments of Debt Collector Rules,2026-09-01,https://rules.cityofnewyork.us/rule/further-amendments-of-debt-collector,,html,no public news coverage or exact-link mentions found in checked sources,0.0,0,0,0,0,0,0,gdelt,gdelt-coverage:Amendments Collector Further Debt:429 Client Error: Too Many Requests for url: https://api.gdeltproject.org/api/v2/doc/doc?query=Amendments+Collector+Further+Debt&mode=ArtList&format=json&maxrecords=75&timespan=30d&sort=DateDesc,0.0,0,0,0,0,0,0,gdelt,gdelt-coverage:Amendments Collector Further Debt:429 Client Error: Too Many Requests for url: https://api.gdeltproject.org/api/v2/doc/doc?query=Amendments+Collector+Further+Debt&mode=ArtList&format=json&maxrecords=75&timespan=30d&sort=DateDesc,0.0,0,0,0,0,0,0,gdelt,gdelt-coverage:Amendments Collector Further Debt:429 Client Error: Too Many Requests for url: https://api.gdeltproject.org/api/v2/doc/doc?query=Amendments+Collector+Further+Debt&mode=ArtList&format=json&maxrecords=75&timespan=30d&sort=DateDesc
7d,0.0,0.0,NYC Rules - Adopted,rule,OATH-ECB,Water Penalty Schedule - The Effective Date will be the same as the Effective Date of the companion DEP rule. The Effective Date will be amended when DEP publishes its final rule.,2026-06-01,https://rules.cityofnewyork.us/rule/office-of-administrative-trials-and-hearings-proposed-rule-to-amend-the-water-penalty-schedule,,html,no public news coverage or exact-link mentions found in checked sources,0.0,0,0,0,0,0,0,gdelt,gdelt-coverage:Effective Schedule Penalty Water Date:429 Client Error: Too Many Requests for url: https://api.gdeltproject.org/api/v2/doc/doc?query=Effective+Schedule+Penalty+Water+Date&mode=ArtList&format=json&maxrecords=75&timespan=30d&sort=DateDesc,0.0,0,0,0,0,0,0,gdelt,gdelt-coverage:Effective Schedule Penalty Water Date:429 Client Error: Too Many Requests for url: https://api.gdeltproject.org/api/v2/doc/doc?query=Effective+Schedule+Penalty+Water+Date&mode=ArtList&format=json&maxrecords=75&timespan=30d&sort=DateDesc,1.0,1,0,0,0,0,0,gdelt,
7d,0.0,0.0,NYC Rules - Adopted,rule,DSNY,Public Safety Requirements for Carters Operating in Commercial Waste Zones - NOTE: The rules become effective in each zone as the commercial waste zones get implemented. The effective date reflected below does not apply.,2026-06-01,https://rules.cityofnewyork.us/rule/public-safety-requirements-for-carters-operating-in-commercial-waste-zones,,html,no public news coverage or exact-link mentions found in checked sources,0.0,0,0,0,0,0,0,gdelt,,0.0,0,0,0,0,0,0,gdelt,,0.0,0,0,0,0,0,0,gdelt,
7d,0.0,0.0,NYC Rules - Adopted,rule,DSNY,Commercial Waste Generation Audits - NOTE: The rules become effective in each zone as the commercial waste zones get implemented. The effective date reflected below does not apply.,2026-06-01,https://rules.cityofnewyork.us/rule/33143,,html,no public news coverage or exact-link mentions found in checked sources,0.0,0,0,0,0,0,0,gdelt,gdelt-coverage:Commercial Generation Audits Waste NOTE:429 Client Error: Too Many Requests for url: https://api.gdeltproject.org/api/v2/doc/doc?query=Commercial+Generation+Audits+Waste+NOTE&mode=ArtList&format=json&maxrecords=75&timespan=30d&sort=DateDesc,0.0,0,0,0,0,0,0,gdelt,gdelt-coverage:Commercial Generation Audits Waste NOTE:429 Client Error: Too Many Requests for url: https://api.gdeltproject.org/api/v2/doc/doc?query=Commercial+Generation+Audits+Waste+NOTE&mode=ArtList&format=json&maxrecords=75&timespan=30d&sort=DateDesc,0.0,0,0,0,0,0,0,gdelt,gdelt-coverage:Commercial Generation Audits Waste NOTE:429 Client Error: Too Many Requests for url: https://api.gdeltproject.org/api/v2/doc/doc?query=Commercial+Generation+Audits+Waste+NOTE&mode=ArtList&format=json&maxrecords=75&timespan=30d&sort=DateDesc
